{
    "articulos": [
      {
        "titulo": "La inteligencia artificial en la educación",
        "autor": "Dra. María López",
        "genero": "Educación, Tecnología",
        "tipo": "Artículo académico",
        "descripcion": "Explora cómo la inteligencia artificial está transformando los métodos de enseñanza y aprendizaje.",
        "fecha_publicacion": "2023-05-12",
        "revista": "Revista Iberoamericana de Tecnología Educativa",
        "idioma": "Español",
        "url": "https://revista-tec.edu/ia-educacion"
      },
      {
        "titulo": "Energías renovables en América Latina",
        "autor": "Carlos R. Meza",
        "genero": "Ciencia, Medio ambiente",
        "tipo": "Artículo de divulgación",
        "descripcion": "Analiza el crecimiento de la energía solar y eólica en países como Chile, Argentina y Brasil.",
        "fecha_publicacion": "2024-02-17",
        "revista": "National Geographic en Español",
        "idioma": "Español",
        "url": "https://natgeo.lat/energias-renovables"
      },
      {
        "titulo": "El futuro del trabajo remoto",
        "autor": "Lucía Herrera",
        "genero": "Sociedad, Tecnología",
        "tipo": "Artículo de opinión",
        "descripcion": "Reflexiona sobre los cambios en la cultura laboral tras la pandemia.",
        "fecha_publicacion": "2023-11-03",
        "revista": "El País",
        "idioma": "Español",
        "url": "https://elpais.com/opinion/futuro-teletrabajo"
      }
    ]
  }
  