{
    "libros": [
      {
        "titulo": "Cien años de soledad",
        "autor": "Gabriel García Márquez",
        "genero": "Realismo mágico",
        "tipo": "Novela",
        "descripcion": "La historia de la familia Buendía en el mítico pueblo de Macondo.",
        "editorial": "Editorial Sudamericana",
        "anio_publicacion": 1967,
        "idioma": "Español",
        "isbn": "978-0307474728"
      },
      {
        "titulo": "Sapiens: De animales a dioses",
        "autor": "Yuval Noah Harari",
        "genero": "Historia, Ensayo",
        "tipo": "Libro de divulgación científica",
        "descripcion": "Un recorrido por la evolución del ser humano desde la prehistoria hasta el presente.",
        "editorial": "Debate",
        "anio_publicacion": 2011,
        "idioma": "Español",
        "isbn": "978-8499924211"
      },
      {
        "titulo": "Introducción a la programación con Python",
        "autor": "Andrés Salazar",
        "genero": "Educativo, Programación",
        "tipo": "Manual técnico",
        "descripcion": "Guía práctica para aprender los fundamentos de Python con ejemplos y ejercicios.",
        "editorial": "TechBooks Latinoamérica",
        "anio_publicacion": 2020,
        "idioma": "Español",
        "isbn": "978-9876543210"
      }
    ]
  }
  