{
    "tesis": [
      {
        "titulo": "Aplicación de modelos predictivos en el control de calidad de alimentos",
        "autor": "Fernanda Ruiz",
        "genero": "Ingeniería en Alimentos",
        "tipo": "Tesis de pregrado",
        "descripcion": "Desarrollo de un sistema basado en machine learning para predecir la presencia de bacterias en productos cárnicos.",
        "universidad": "Universidad de Chile",
        "anio": 2022,
        "idioma": "Español",
        "url": "https://repositorio.uchile.cl/tesis-modelos-alimentos"
      },
      {
        "titulo": "Análisis del impacto socioeconómico del teletrabajo en zonas rurales",
        "autor": "Joaquín Torres",
        "genero": "Sociología",
        "tipo": "Tesis de magíster",
        "descripcion": "Estudio cualitativo sobre cómo el teletrabajo ha afectado a las comunidades rurales post-pandemia.",
        "universidad": "Pontificia Universidad Católica de Valparaíso",
        "anio": 2023,
        "idioma": "Español",
        "url": "https://repositorio.pucv.cl/tesis-teletrabajo"
      },
      {
        "titulo": "Diseño de una red blockchain para votaciones estudiantiles seguras",
        "autor": "Camila Espinoza",
        "genero": "Ingeniería Informática",
        "tipo": "Tesis de pregrado",
        "descripcion": "Propuesta de un sistema de votación basado en Ethereum para procesos electorales estudiantiles.",
        "universidad": "Universidad Técnica Federico Santa María",
        "anio": 2024,
        "idioma": "Español",
        "url": "https://repositorio.usm.cl/votacion-blockchain"
      }
    ]
  }
  