{
    "videos": [
      {
        "titulo": "¿Qué es la blockchain?",
        "autor": "Academia Cripto Fácil",
        "genero": "Educativo, Tecnología",
        "tipo": "Video de YouTube",
        "descripcion": "Explicación sencilla sobre el funcionamiento de la tecnología blockchain.",
        "duracion": "12:45",
        "plataforma": "YouTube",
        "fecha_publicacion": "2022-08-01",
        "idioma": "Español",
        "url": "https://www.youtube.com/watch?v=abc123"
      },
      {
        "titulo": "Documental: La Tierra desde el Espacio",
        "autor": "National Geographic",
        "genero": "Documental, Ciencia",
        "tipo": "Documental",
        "descripcion": "Una visión satelital sobre los fenómenos naturales de la Tierra.",
        "duracion": "1:32:00",
        "plataforma": "Disney+",
        "fecha_publicacion": "2020-05-10",
        "idioma": "Español",
        "url": "https://disneyplus.com/documental-tierra"
      },
      {
        "titulo": "Curso básico de Python - Parte 1",
        "autor": "Programador X",
        "genero": "Educación, Programación",
        "tipo": "Tutorial",
        "descripcion": "Aprende los fundamentos del lenguaje Python desde cero.",
        "duracion": "18:37",
        "plataforma": "YouTube",
        "fecha_publicacion": "2023-07-04",
        "idioma": "Español",
        "url": "https://www.youtube.com/watch?v=xyz456"
      }
    ]
  }
  